Store,Eksik_Gun_Sayisi,Ilk_Eksik_Tarih,Son_Eksik_Tarih
13,184,2014-07-01,2014-12-31
20,184,2014-07-01,2014-12-31
22,184,2014-07-01,2014-12-31
32,184,2014-07-01,2014-12-31
36,184,2014-07-01,2014-12-31
41,184,2014-07-01,2014-12-31
46,184,2014-07-01,2014-12-31
51,184,2014-07-01,2014-12-31
52,184,2014-07-01,2014-12-31
58,184,2014-07-01,2014-12-31
72,184,2014-07-01,2014-12-31
76,184,2014-07-01,2014-12-31
81,184,2014-07-01,2014-12-31
89,184,2014-07-01,2014-12-31
99,184,2014-07-01,2014-12-31
100,184,2014-07-01,2014-12-31
108,184,2014-07-01,2014-12-31
113,184,2014-07-01,2014-12-31
115,184,2014-07-01,2014-12-31
127,184,2014-07-01,2014-12-31
129,184,2014-07-01,2014-12-31
132,184,2014-07-01,2014-12-31
136,184,2014-07-01,2014-12-31
137,184,2014-07-01,2014-12-31
139,184,2014-07-01,2014-12-31
144,184,2014-07-01,2014-12-31
145,184,2014-07-01,2014-12-31
149,184,2014-07-01,2014-12-31
155,184,2014-07-01,2014-12-31
159,184,2014-07-01,2014-12-31
164,184,2014-07-01,2014-12-31
165,184,2014-07-01,2014-12-31
172,184,2014-07-01,2014-12-31
174,184,2014-07-01,2014-12-31
181,184,2014-07-01,2014-12-31
183,184,2014-07-01,2014-12-31
186,184,2014-07-01,2014-12-31
190,184,2014-07-01,2014-12-31
191,184,2014-07-01,2014-12-31
192,184,2014-07-01,2014-12-31
204,184,2014-07-01,2014-12-31
215,184,2014-07-01,2014-12-31
218,184,2014-07-01,2014-12-31
231,184,2014-07-01,2014-12-31
243,184,2014-07-01,2014-12-31
258,184,2014-07-01,2014-12-31
263,184,2014-07-01,2014-12-31
275,184,2014-07-01,2014-12-31
277,184,2014-07-01,2014-12-31
279,184,2014-07-01,2014-12-31
283,184,2014-07-01,2014-12-31
284,184,2014-07-01,2014-12-31
287,184,2014-07-01,2014-12-31
288,184,2014-07-01,2014-12-31
298,184,2014-07-01,2014-12-31
306,184,2014-07-01,2014-12-31
317,184,2014-07-01,2014-12-31
342,184,2014-07-01,2014-12-31
345,184,2014-07-01,2014-12-31
348,184,2014-07-01,2014-12-31
365,184,2014-07-01,2014-12-31
385,184,2014-07-01,2014-12-31
399,184,2014-07-01,2014-12-31
407,184,2014-07-01,2014-12-31
412,184,2014-07-01,2014-12-31
413,184,2014-07-01,2014-12-31
420,184,2014-07-01,2014-12-31
427,184,2014-07-01,2014-12-31
428,184,2014-07-01,2014-12-31
429,184,2014-07-01,2014-12-31
430,184,2014-07-01,2014-12-31
434,184,2014-07-01,2014-12-31
457,184,2014-07-01,2014-12-31
471,184,2014-07-01,2014-12-31
477,184,2014-07-01,2014-12-31
485,184,2014-07-01,2014-12-31
490,184,2014-07-01,2014-12-31
492,184,2014-07-01,2014-12-31
498,184,2014-07-01,2014-12-31
500,184,2014-07-01,2014-12-31
501,184,2014-07-01,2014-12-31
512,184,2014-07-01,2014-12-31
514,184,2014-07-01,2014-12-31
518,184,2014-07-01,2014-12-31
522,184,2014-07-01,2014-12-31
534,184,2014-07-01,2014-12-31
539,184,2014-07-01,2014-12-31
540,184,2014-07-01,2014-12-31
542,184,2014-07-01,2014-12-31
547,184,2014-07-01,2014-12-31
555,184,2014-07-01,2014-12-31
571,184,2014-07-01,2014-12-31
573,184,2014-07-01,2014-12-31
575,184,2014-07-01,2014-12-31
587,184,2014-07-01,2014-12-31
598,184,2014-07-01,2014-12-31
604,184,2014-07-01,2014-12-31
611,184,2014-07-01,2014-12-31
612,184,2014-07-01,2014-12-31
619,184,2014-07-01,2014-12-31
620,184,2014-07-01,2014-12-31
629,184,2014-07-01,2014-12-31
633,184,2014-07-01,2014-12-31
636,184,2014-07-01,2014-12-31
637,184,2014-07-01,2014-12-31
638,184,2014-07-01,2014-12-31
644,184,2014-07-01,2014-12-31
646,184,2014-07-01,2014-12-31
650,184,2014-07-01,2014-12-31
660,184,2014-07-01,2014-12-31
669,184,2014-07-01,2014-12-31
670,184,2014-07-01,2014-12-31
671,184,2014-07-01,2014-12-31
677,184,2014-07-01,2014-12-31
684,184,2014-07-01,2014-12-31
694,184,2014-07-01,2014-12-31
701,184,2014-07-01,2014-12-31
702,184,2014-07-01,2014-12-31
706,184,2014-07-01,2014-12-31
710,184,2014-07-01,2014-12-31
711,184,2014-07-01,2014-12-31
712,184,2014-07-01,2014-12-31
716,184,2014-07-01,2014-12-31
719,184,2014-07-01,2014-12-31
736,184,2014-07-01,2014-12-31
739,184,2014-07-01,2014-12-31
744,184,2014-07-01,2014-12-31
750,184,2014-07-01,2014-12-31
766,184,2014-07-01,2014-12-31
771,184,2014-07-01,2014-12-31
775,184,2014-07-01,2014-12-31
778,184,2014-07-01,2014-12-31
797,184,2014-07-01,2014-12-31
804,184,2014-07-01,2014-12-31
805,184,2014-07-01,2014-12-31
806,184,2014-07-01,2014-12-31
815,184,2014-07-01,2014-12-31
820,184,2014-07-01,2014-12-31
825,184,2014-07-01,2014-12-31
842,184,2014-07-01,2014-12-31
851,184,2014-07-01,2014-12-31
858,184,2014-07-01,2014-12-31
859,184,2014-07-01,2014-12-31
879,184,2014-07-01,2014-12-31
884,184,2014-07-01,2014-12-31
890,184,2014-07-01,2014-12-31
893,184,2014-07-01,2014-12-31
900,184,2014-07-01,2014-12-31
902,184,2014-07-01,2014-12-31
903,184,2014-07-01,2014-12-31
904,184,2014-07-01,2014-12-31
909,184,2014-07-01,2014-12-31
915,184,2014-07-01,2014-12-31
919,184,2014-07-01,2014-12-31
920,184,2014-07-01,2014-12-31
932,184,2014-07-01,2014-12-31
941,184,2014-07-01,2014-12-31
952,184,2014-07-01,2014-12-31
974,184,2014-07-01,2014-12-31
977,184,2014-07-01,2014-12-31
988,1,2013-01-01,2013-01-01
989,184,2014-07-01,2014-12-31
1000,184,2014-07-01,2014-12-31
1004,184,2014-07-01,2014-12-31
1009,184,2014-07-01,2014-12-31
1012,184,2014-07-01,2014-12-31
1019,184,2014-07-01,2014-12-31
1027,184,2014-07-01,2014-12-31
1038,184,2014-07-01,2014-12-31
1041,184,2014-07-01,2014-12-31
1049,184,2014-07-01,2014-12-31
1056,184,2014-07-01,2014-12-31
1065,184,2014-07-01,2014-12-31
1067,184,2014-07-01,2014-12-31
1080,184,2014-07-01,2014-12-31
1092,184,2014-07-01,2014-12-31
1094,184,2014-07-01,2014-12-31
1102,184,2014-07-01,2014-12-31
1104,184,2014-07-01,2014-12-31
1107,184,2014-07-01,2014-12-31
1109,184,2014-07-01,2014-12-31
